target,experiment,model,accuracy,balanced_accuracy,macro_f1,weighted_f1,precision_high,recall_high,recall_low,n_samples,n_groups
valence_binary,random_oversampling_top30_features,Linear SVM,0.6986754966887417,0.6903674596431606,0.6671067772999818,0.7098773003428178,0.8397790055248618,0.7102803738317757,0.6704545454545454,302,96
arousal_binary,no_sampling_all_features,Random Forest,0.5652173913043478,0.5643939393939394,0.5643939393939394,0.5652173913043478,0.5833333333333334,0.5833333333333334,0.5454545454545454,253,95
